<application>
  <component name="ExportableFileTemplateSettings">
    <default_templates>
      <template name="AoC Kotlin.kt" file-name="/src/main/kotlin/mkuhn/aoc/Day$day" reformat="true" live-template-enabled="false">
        <template name="AoC Kotlin.kt.child.0.kt" file-name="src/test/kotlin/mkuhn/aoc/Day${day}Test" reformat="true" live-template-enabled="false" />
        <template name="AoC Kotlin.kt.child.1.txt" file-name="src/test/resources/Day${day}" reformat="true" live-template-enabled="false" />
        <template name="AoC Kotlin.kt.child.2.txt" file-name="src/main/resources/Day${day}" reformat="true" live-template-enabled="false" />
      </template>
      <template name="AoC Kotlin.kt.child.0.kt" file-name="src/test/kotlin/mkuhn/aoc/Day${day}Test" reformat="true" live-template-enabled="false" />
      <template name="AoC Kotlin.kt.child.1.txt" file-name="src/test/resources/Day${day}" reformat="true" live-template-enabled="false" />
      <template name="AoC Kotlin.kt.child.2.txt" file-name="src/main/resources/Day${day}" reformat="true" live-template-enabled="false" />
    </default_templates>
  </component>
</application>